<?xml version="1.0" encoding="UTF-8"?>
<preferences>
 <debug showDebugMenu="0" />
 <systemtable>
  <columns>
   <connections preferredWidth="175" />
   <irq preferredWidth="34" />
  </columns>
 </systemtable>
 <clocktable>
  <columns>
   <clockname preferredWidth="360" />
   <clocksource preferredWidth="360" />
   <frequency preferredWidth="350" />
  </columns>
 </clocktable>
 <library expandedCategories="Library,Project" />
 <window width="1382" height="736" x="-8" y="-8" />
 <hdlexample language="VERILOG" />
 <generation
   synthesis="VHDL"
   testbench_system="NONE"
   simulation="NONE"
   testbench_simulation="VHDL" />
</preferences>
