<?xml version="1.0" ?>
<LOG_ROOT>
	<PROJECT NAME="DE2_NET">
		<CBX_INST_ENTRY INSTANCE_NAME="|DE2_NET|system_0:u0|system_0_cpu_0:cpu_0|system_0_cpu_0_ic_tag_module:system_0_cpu_0_ic_tag|altsyncram:the_altsyncram" CBX_FILE_NAME="altsyncram_02h1.tdf"/>
		<CBX_INST_ENTRY INSTANCE_NAME="|DE2_NET|system_0:u0|system_0_cpu_0:cpu_0|lpm_add_sub:Add10" CBX_FILE_NAME="add_sub_8ri.tdf"/>
		<CBX_INST_ENTRY INSTANCE_NAME="|DE2_NET|system_0:u0|AUDIO_DAC_FIFO:audio_0|FIFO_16_256:u0|dcfifo:dcfifo_component" CBX_FILE_NAME="dcfifo_hlj1.tdf"/>
		<CBX_INST_ENTRY INSTANCE_NAME="|DE2_NET|system_0:u0|VGA_NIOS_CTRL:vga_0|VGA_OSD_RAM:u1|Img_RAM:u0|altsyncram:altsyncram_component" CBX_FILE_NAME="altsyncram_q7o1.tdf"/>
		<CBX_INST_ENTRY INSTANCE_NAME="|DE2_NET|system_0:u0|system_0_cpu_0:cpu_0|system_0_cpu_0_bht_module:system_0_cpu_0_bht|altsyncram:the_altsyncram" CBX_FILE_NAME="altsyncram_rlg1.tdf"/>
		<CBX_INST_ENTRY INSTANCE_NAME="|DE2_NET|system_0:u0|system_0_cpu_0:cpu_0|system_0_cpu_0_dc_data_module:system_0_cpu_0_dc_data|altsyncram:the_altsyncram" CBX_FILE_NAME="altsyncram_a422.tdf"/>
		<CBX_INST_ENTRY INSTANCE_NAME="|DE2_NET|system_0:u0|system_0_cpu_0:cpu_0|system_0_cpu_0_dc_tag_module:system_0_cpu_0_dc_tag|altsyncram:the_altsyncram" CBX_FILE_NAME="altsyncram_kc32.tdf"/>
		<CBX_INST_ENTRY INSTANCE_NAME="|DE2_NET|system_0:u0|system_0_cpu_0:cpu_0|system_0_cpu_0_mult_cell:the_system_0_cpu_0_mult_cell|altera_mult_add:the_altmult_add_part_1" CBX_FILE_NAME="altera_mult_add_mpt2.v"/>
		<CBX_INST_ENTRY INSTANCE_NAME="|DE2_NET|system_0:u0|system_0_cpu_0:cpu_0|system_0_cpu_0_mult_cell:the_system_0_cpu_0_mult_cell|altera_mult_add:the_altmult_add_part_2|altera_mult_add_opt2:auto_generated|altera_mult_add_rtl:altera_mult_add_rtl1|ama_multiplier_function:multiplier_block|lpm_mult:Mult0" CBX_FILE_NAME="mult_1s01.tdf"/>
		<CBX_INST_ENTRY INSTANCE_NAME="|DE2_NET|system_0:u0|system_0_cpu_0:cpu_0|system_0_cpu_0_register_bank_a_module:system_0_cpu_0_register_bank_a|altsyncram:the_altsyncram" CBX_FILE_NAME="altsyncram_r3g1.tdf"/>
		<CBX_INST_ENTRY INSTANCE_NAME="|DE2_NET|system_0:u0|system_0_jtag_uart_0:jtag_uart_0|system_0_jtag_uart_0_scfifo_w:the_system_0_jtag_uart_0_scfifo_w|scfifo:wfifo" CBX_FILE_NAME="scfifo_1n21.tdf"/>
		<CBX_INST_ENTRY INSTANCE_NAME="|DE2_NET|system_0:u0|system_0_cpu_0:cpu_0|system_0_cpu_0_mult_cell:the_system_0_cpu_0_mult_cell|altera_mult_add:the_altmult_add_part_1|altera_mult_add_mpt2:auto_generated|altera_mult_add_rtl:altera_mult_add_rtl1|ama_multiplier_function:multiplier_block|lpm_mult:Mult0" CBX_FILE_NAME="mult_1l01.tdf"/>
		<CBX_INST_ENTRY INSTANCE_NAME="|DE2_NET|system_0:u0|system_0_cpu_0:cpu_0|system_0_cpu_0_mult_cell:the_system_0_cpu_0_mult_cell|altera_mult_add:the_altmult_add_part_2" CBX_FILE_NAME="altera_mult_add_opt2.v"/>
		<CBX_INST_ENTRY INSTANCE_NAME="|DE2_NET|system_0:u0|system_0_epcs_controller:epcs_controller|altsyncram:the_boot_copier_rom" CBX_FILE_NAME="altsyncram_8l41.tdf"/>
		<CBX_INST_ENTRY INSTANCE_NAME="|DE2_NET|system_0:u0|system_0_jtag_uart_0:jtag_uart_0|system_0_jtag_uart_0_scfifo_r:the_system_0_jtag_uart_0_scfifo_r|scfifo:rfifo" CBX_FILE_NAME="scfifo_1n21.tdf"/>
		<CBX_INST_ENTRY INSTANCE_NAME="|DE2_NET|system_0:u0|system_0_cpu_0:cpu_0|system_0_cpu_0_ic_data_module:system_0_cpu_0_ic_data|altsyncram:the_altsyncram" CBX_FILE_NAME="altsyncram_qed1.tdf"/>
		<CBX_INST_ENTRY INSTANCE_NAME="|DE2_NET|system_0:u0|system_0_cpu_0:cpu_0|system_0_cpu_0_nios2_oci:the_system_0_cpu_0_nios2_oci|system_0_cpu_0_nios2_ocimem:the_system_0_cpu_0_nios2_ocimem|system_0_cpu_0_ociram_sp_ram_module:system_0_cpu_0_ociram_sp_ram|altsyncram:the_altsyncram" CBX_FILE_NAME="altsyncram_mk71.tdf"/>
		<CBX_INST_ENTRY INSTANCE_NAME="|DE2_NET|system_0:u0|system_0_cpu_0:cpu_0|system_0_cpu_0_register_bank_b_module:system_0_cpu_0_register_bank_b|altsyncram:the_altsyncram" CBX_FILE_NAME="altsyncram_s3g1.tdf"/>
	</PROJECT>
</LOG_ROOT>
